UID,교회명,국가/지역,주소,담임,전도인수,사진URL
237,"가평교회","대한민국","477-801 경기도 가평군 가평읍 가화로 192(읍내리 734번지)","김주석 담임목사",1,"https://file1.jbch.org/guide/237/237_2022010414472831979_k1235i.jpg"
63,"갈릴리수양관교회","대한민국","충남 공주시 정안면 대산리 771-4 ","정태교 담임목사",1,"https://file1.jbch.org/guide/63/63_2026042915332225985_whdrnr01.png"
71,"강릉교회","대한민국","강원도 강릉시 유산로 25번길 84(문암정마을)","김인호 담임목사",1,"https://file1.jbch.org/guide/71/71_2026042915354841346_whdrnr01.jpg"
151,"강진교회","대한민국","527-802 전라남도 강진군 강진읍 목리길 83 (목리 311-11번지)","황용선 담임목사",1,"https://file1.jbch.org/guide/151/151_2022110722525354181_rhcrka.jpg"
289,"강화교회","대한민국","인천광역시 강화군 강화읍 강화대로215번길 17-8 ","곽상근 담임목사",1,"https://file1.jbch.org/guide/289/289_2026042915422544466_whdrnr01.png"
43,"거제교회","대한민국","경남 거제시 사등면 지석2길33","이재우 담임목사",1,"https://file1.jbch.org/guide/43/43_2025112622140898378_ghodt1004.jpeg"
484,"거창교회","대한민국","경상남도 거창군 동동5길26번지","김송영 담임목사",1,"https://file1.jbch.org/guide/484/484_2026042915450211095_whdrnr01.png"
150,"경기광주교회","대한민국","경기도 광주시 순암로 106-39 (장지동 424-19)","박정빈 담임목사",2,"https://file1.jbch.org/guide/150/150_2022112813521559589_thefaith79.jpg"
478,"경기하남교회","대한민국","12937 경기도 하남시 하남대로934번길 16-1","김완주 담임목사",1,"https://file1.jbch.org/guide/478/478_2025052709192938268_chk792.jpg"
990,"경남고성교회","대한민국","경상남도 고성군 고성읍 중앙로 132","최원재 담임목사",1,"https://file1.jbch.org/guide/990/990_2023042902192181285_jungok.jpg"
699,"경산교회","대한민국","경상북도 경산시 원효로22길 14 (계양동 672-3)","박동호 담임목사",1,"https://file1.jbch.org/guide/699/699_2025121114185790357_dh8242.png"
45,"경주교회","대한민국","경상북도 경주시 유림로13번길 158-8 (용강동)","최훈일 담임목사",1,"https://file1.jbch.org/guide/45/45_2023032714153055672_cm9179.jpg"
212,"경주안강교회","대한민국","경상북도 경주시 안강읍 구부랑두림길 126-3","허형구 담임목사",1,"https://file1.jbch.org/guide/212/212_2024093008155720873_kimjinbae.jpg"
236,"계룡교회","대한민국","도로명주소 : 충남 계룡시 엄사면 번영8길 7-1 / 지번 :충남 계룡시 엄사면 엄사리 339-1","박정수 담임목사",1,"https://file1.jbch.org/guide/236/236_2026042915530064896_whdrnr01.png"
305,"고금교회","대한민국","전남 완도군 고금면 고금남로 15 (구 : 도남리 104)","송민석 담임목사",1,"https://file1.jbch.org/guide/305/305_2026042915563463724_whdrnr01.jpg"
975,"고성교회","대한민국","강원도 고성군 간성읍 보매기길 23-13","김남일 담임목사",1,"https://file1.jbch.org/guide/975/975_2024012409260846840_iym050124.jpg"
304,"고양교회","대한민국","경기도 고양시 덕양구 동헌로91-1(관산동)","박민호 담임목사",2,"https://file1.jbch.org/guide/304/304_2020123116564370472_jds754.jpg"
16,"고창교회","대한민국","56439 전북 고창군 고창읍 보릿골로 23 (덕산리 231)","노철환 담임목사",2,"https://file1.jbch.org/guide/16/16_2021012808492360933_gangga.jpg"
29,"고흥교회","대한민국","전남 고흥군 고흥읍 봉동주공길 40-5","류한길 담임목사",1,"https://file1.jbch.org/guide/29/29_2026042915584574031_whdrnr01.png"
23,"곡성교회","대한민국","57539 전남 곡성군 곡성읍 죽동 1길 20","고봉수 담임목사",1,"https://file1.jbch.org/guide/23/23_2018112905223115041_creature.jpg"
70,"공주교회","대한민국","충청남도 공주시 무령로 145 (교동 233-8번지)","민기학 담임목사",1,"https://file1.jbch.org/guide/70/70_2024041123275357309_maikway747.png"
322,"광명교회","대한민국","경기도 광명시 철산동 625-2번지 힐타운빌딩 4, 5층","박호경 담임목사",2,"https://file1.jbch.org/guide/322/322_2026042916144798591_whdrnr01.png"
36,"광양교회","대한민국","545-080 전남 광양시 금영로 93-24(광영동)","이성운 담임목사",2,"https://file1.jbch.org/guide/36/36_2026042916111298186_whdrnr01.jpg"
427,"광양서부교회","대한민국","광양시 광양읍 와룡3길 13-6 ","최재수 담임목사",1,"https://file1.jbch.org/guide/427/427_2023032722105070185_cofkdcofld.jpg"
17,"광주교회","대한민국","광주광역시 북구 설죽로355번길32-10 (매곡동, 광주교회)","이상민 담임목사",34,"https://file1.jbch.org/guide/17/17_2026022617161700968_mem452.jpg"
233,"광주남부교회","대한민국","우) 61742  광주광역시 남구 효덕로 295 (진월동 867-15)","김형갑 담임목사",3,"https://file1.jbch.org/guide/233/233_2024042421403981531_sunny0238.jpg"
428,"광주동부교회","대한민국","광주광역시 동구 남문로 693번길 19","최호일 담임목사",2,"https://file1.jbch.org/guide/428/428_2023021810254958597_ccw13541.jpg"
1128,"광주무등교회","대한민국","광주광역시 동구 무등로 412","김성길 담임목사",1,"https://file1.jbch.org/guide/1128/1128_2026022617374452794_whdrnr01.png"
264,"광주봉선교회","대한민국","광주광역시 남구 대남대로181번길 30(봉선동)","배현기 담임목사",5,"https://file1.jbch.org/guide/264/264_2021072120480945552_siva20.jpg"
248,"광주서부교회","대한민국","광주광역시 서구 금호운천길 55","이정국 담임목사",3,"https://file1.jbch.org/guide/248/248_2026051102072463596_levelupnew.jpg"
152,"광주송정교회","대한민국","광주광역시 광산구 사암로 131번길 19 (우산동 1476-1)","임승환 담임목사",3,"https://file1.jbch.org/guide/152/152_2018122022094714814_andao.jpg"
293,"광주수완교회","대한민국","광주광역시 광산구 왕버들로 167-1 (수완동)","임재춘 담임목사",5,"https://file1.jbch.org/guide/293/293_2026042916183686295_whdrnr01.jpg"
623,"광주중부교회","대한민국","광주 남구 회재로 1223번길 15 (광주 남구 주월동 979-1,2번지)","박형열 담임목사",1,"https://file1.jbch.org/guide/623/623_2018012115133470764_mimi.jpg"
622,"광주화정교회","대한민국","광주시 남구 군분로 131 (광주 남구 월산동 958-5)","김진서 담임목사",1,"https://file1.jbch.org/guide/622/622_2026042916240062844_whdrnr01.png"
142,"구례교회","대한민국","전남 구례군 구례읍 양정2길 29","현석권 담임목사",1,"https://file1.jbch.org/guide/142/142_2017080611580957932_ckskya725.jpg"
93,"구리교회","대한민국","경기도 구리시 경춘로276번길 11-9","채대석 담임목사",4,"https://file1.jbch.org/guide/93/93_2026042916262235219_whdrnr01.jpg"
51,"구미교회","대한민국","경북 구미시 고아읍 봉한1안길 10","김대중 담임목사",2,"https://file1.jbch.org/guide/51/51_2022012617482097675_min7936.jpg"
448,"구미남부교회","대한민국","39844 경북 칠곡군 석적읍 남율로2길 113 (남율리 1455)","송경원 담임목사",1,"https://file1.jbch.org/guide/448/448_2026042916343903420_whdrnr01.png"
15,"군산교회","대한민국","전북 군산시 사정동 528-1번지","이상연 담임목사",3,"https://file1.jbch.org/guide/15/15_2026042916433071794_whdrnr01.png"
64,"금산교회","대한민국","충남 금산군 금산읍 구름고개길 17","조국현 담임목사",1,"https://file1.jbch.org/guide/64/64_2026022019423101661_kjw63.jpg"
14,"김제교회","대한민국","전북 김제시 서암2길46","김웅 담임목사",1,"https://file1.jbch.org/guide/14/14_2019021415080399686_bjs9985.jpg"
219,"김천교회","대한민국","김천시 체육공원길 97-10 김천교회 ","오근진 담임목사",1,"https://file1.jbch.org/guide/219/219_2026030511365710338_racerokj.jpg"
115,"김포교회","대한민국","(우)22646 인천 서구 고산후로197번길 5","홍정삼 담임목사",4,"https://file1.jbch.org/guide/115/115_2018040513322180391_hjmcad.jpg"
598,"김포한강교회","대한민국","경기도 김포시 김포 한강8로 378, 웅신프라자 10층","오경연 담임목사",1,"https://file1.jbch.org/guide/598/598_2024112211214968984_lovetojy.jpg"
42,"김해교회","대한민국","경남 김해시 칠산로 387번길 24 (화목동 1052-17번지)","김현호 담임목사",2,"https://file1.jbch.org/guide/42/42_2022082916061010670_khmedia.jpg"
38,"나주교회","대한민국","전남 나주시 전력로 140","변종민 담임목사",1,"https://file1.jbch.org/guide/38/38_2023042715493326596_withoutU.jpg"
456,"남대전교회","대한민국","대전 중구 대종로 121번길 15 (옥계동)","조경수 담임목사",1,"https://file1.jbch.org/guide/456/456_2023122022205491938_yunsok.jpg"
224,"남양주동부교회","대한민국","경기도 남양주시 화도읍 경춘로2247번길 16-19","장권익 담임목사",2,""
683,"남양주별내교회","대한민국","경기도 남양주시 별내중앙로 26, 801호 (별내진영타워 8층)","김태식 담임목사",1,""
257,"남양주오남교회","대한민국","경기도 남양주시 오남읍 진건오남로550번길 9","김현진 담임목사",1,""
510,"남양주평내교회","대한민국","남양주시 경춘로 1256번길 9, 강남프라자 805호 (지번주소: 경기 남양주시 평내동 579-2)","조영팔 담임목사",1,"https://file1.jbch.org/guide/510/510_2025013020570946175_jerica.jpg"
13,"남원교회","대한민국","전북 남원시 불무터길 42 ","진세영 담임목사",1,"https://file1.jbch.org/guide/13/13_2023032720585655037_lets9044.jpg"
37,"노화교회","대한민국","전남 완도군 노화읍 노화로 823-1","박종문 담임목사",1,""
26,"녹동교회","대한민국","전라남도 고흥군 도양읍 비봉로 32","김영민 담임목사",1,""
66,"논산교회","대한민국","33001 - 충남 논산시 은진면 매죽헌로 40번길 19-9","박정웅 담임목사",1,"https://file1.jbch.org/guide/66/66_2019111917141289740_zini4.jpg"
1129,"단양교회","대한민국","충북 단양군 단양읍 삼봉로139(상진리903)","윤재휘 담임목사",1,"https://file1.jbch.org/guide/1129/1129_2026031617011533121_noel7023.jpg"
25,"담양교회","대한민국","전남 담양군 담양읍 무정로88","김용대 담임목사",1,"https://file1.jbch.org/guide/25/25_2022022611495698698_taeghoon.jpg"
425,"당진교회","대한민국","충남 당진시 백암 1길 24 (채운동)","김종훈 담임목사",1,"https://file1.jbch.org/guide/425/425_2022011022485149203_leesh0356.jpg"
52,"대구교회","대한민국","대구광역시 동구 반야월북로27길 34(각산동)","송연식 담임목사",4,"https://file1.jbch.org/guide/52/52_2018012020413598969_sky812.jpg"
198,"대구강북교회","대한민국","702-250 대구광역시 북구 동천동 911-6번지 백산빌딩 4층","박진완 담임목사",1,"https://file1.jbch.org/guide/198/198_2019062122070118829_junmo93.jpg"
136,"대구달서교회","대한민국","대구광역시 달서구 새방로 7길 55 (용산2동 508-1)  대구달서교회","곽주철 담임목사",2,"https://file1.jbch.org/guide/136/136_2024012222562055474_chan.jpg"
213,"대구중부교회","대한민국","대구광역시 중구 종로 74 (대안동 79번지)","소형태 담임목사",2,"https://file1.jbch.org/guide/213/213_2020020215295205640_zma6622.png"
62,"대전교회","대한민국","대전광역시 서구 월드컵대로484번길 82-11 (월평동 106-1)","최호영 담임목사",11,"https://file1.jbch.org/guide/62/62_2022051514573917689_neolee.jpeg"
659,"대전동부교회","대한민국","대전광역시 동구 한밭대로 1297번길 15","이종진 담임목사",1,"https://file1.jbch.org/guide/659/659_2026040814052594544_ehddjs1004.jpg"
466,"대전북부교회","대한민국","대전광역시 대덕구 대덕대로1470번길 27 (목상동, 상록수아파트) 상가 A동 301,302,303호","김승한 담임목사",1,""
69,"대천교회","대한민국","충남 보령시 맷독1길 34(명천동)","강현우 담임목사",1,"https://file1.jbch.org/guide/69/69_2024030210035036199_kimdoman-7.jpg"
776,"동탄교회","대한민국","경기도 오산시 외삼미로 84(외삼미동)","안상태 담임목사",4,"https://file1.jbch.org/guide/776/776_2021040811224075298_rachel0528.jpg"
76,"동해교회","대한민국","강원특별자치도 동해시 전천로 175-48","정현 담임목사",1,"https://file1.jbch.org/guide/76/76_2024112418204952111_rjemq.jpg"
164,"마산교회","대한민국","경상남도 창원시 마산 회원구 양덕옛1길 29","이현철 담임목사",1,"https://file1.jbch.org/guide/164/164_2020050614091322941_april16.jpg"
35,"목포교회","대한민국","전라남도 목포시 백년대로 198","소관섭 담임목사",9,""
34,"무안교회","대한민국","전남 무안군 무안읍 성남1길 46","안종팔 담임목사",1,"https://file1.jbch.org/guide/34/34_2017081615441929250_kumhi.jpg"
272,"무주교회","대한민국","55515 전북 무주군 무주읍 당산길 29-55 대한예수교침례회 무주교회 (구) 무주읍 당산리526번지","유상석 담임목사",1,"https://file1.jbch.org/guide/272/272_2018050320015755691_pjsoo.jpg"
435,"문경교회","대한민국","문경시 모전동 920-5 매봉6길 14","김동석 담임목사",1,"https://file1.jbch.org/guide/435/435_2024062411022762160_backds95.png"
288,"밀양교회","대한민국","경남 밀양시 시청서2길 1 (내이동)         ( 구. 밀양시 내이동 1525-6 )","정황 담임목사",1,""
18,"벌교교회","대한민국","전남 보성군 벌교읍 벌교반룡길 7","이길호 담임목사",1,"https://file1.jbch.org/guide/18/18_2023111723272547179_lkh0191.png"
297,"보성교회","대한민국","전남 보성군 보성읍 송재로 39 (원봉리 20-1) ","이경호 담임목사",1,"https://file1.jbch.org/guide/297/297_2021071711290015451_qazw199.png"
728,"보은교회","대한민국","충청북도 보은군 보은읍 삼산제방로 41-8","문태선 담임목사",1,"https://file1.jbch.org/guide/728/728_2025021714515359857_sdshsdsh.jpg"
56,"부산교회","대한민국","616-814 부산 광역시 북구 만덕대로 155번길 87(덕천동) 부산교회","조용중 담임목사",3,"https://file1.jbch.org/guide/56/56_2017120515381717027_kyj0115.jpeg"
779,"부산강서교회","대한민국","부산광역시 강서구 명지국제2로 27 대산골든스퀘어, 10층 (1011 ~ 1014호)","이창 담임목사",1,"https://file1.jbch.org/guide/779/779_2024050916513295882_window337.png"
698,"부산기장교회","대한민국","부산광역시 기장군 기장읍 차성로 365번길6","최태환 담임목사",1,"https://file1.jbch.org/guide/698/698_2024123020554592622_gytjd2564.jpg"
467,"부산남부교회","대한민국","608-807 부산광역시 남구 못골번영로 60번길 1","정경수 담임목사",1,""
54,"부산서부교회","대한민국","604-042 부산시 사하구 장평로 111-6 (장림2동 599-38)","김정호 담임목사",2,"https://file1.jbch.org/guide/54/54_2025010610015581877_won6018.jpg"
317,"부산중부교회","대한민국","부산광역시 동구 중앙대로 248 (초량동 1191-7)","최영운 담임목사",1,"https://file1.jbch.org/guide/317/317_2023011916382183467_sungmu48.png"
12,"부안교회","대한민국","전북 부안군 부안읍 매창1길 39","박성진 담임목사",2,""
68,"부여교회","대한민국","충남 부여군 부여읍 성왕로273번길 21-4","장길동 담임목사",2,""
92,"부천교회","대한민국","경기도 부천시 오정구 까치로74번길 119  (작동)","황종순 담임목사",5,"https://file1.jbch.org/guide/92/92_2025083000022806952_yoonhoo.jpg"
432,"북수원교회","대한민국","수원시 장안구 수일로 117번길 10-9","차인환 담임목사",2,""
1122,"산청교회","대한민국","경상남도 산청군 산청읍 꽃봉산로79번길 31-3, 산청교회빌딩 2~5층","김상규 담임목사",1,"https://file1.jbch.org/guide/1122/1122_2025041018431518271_kuwonja.jpg"
431,"삼척교회","대한민국","강원도 삼척시 당저길 47-41(당저동 108-7) 대한예수교침례회삼척교회","정종현 담임목사",1,"https://file1.jbch.org/guide/431/431_2021011517200150534_kimyongsik.jpg"
270,"삼천포교회","대한민국","경남 사천시 삼천포대교로 622-10 (삼천포도서관 옆)","이경수 담임목사",1,"https://file1.jbch.org/guide/270/270_2023082911412683326_x1game.jpg"
450,"삼호교회","대한민국","전남 영암군 삼호읍 삼호중앙로 66","박호주 담임목사",1,"https://file1.jbch.org/guide/450/450_2023010718063274386_park9191.jpg"
50,"상주교회","대한민국","경북 상주시 지천동 311-1","이준석 담임목사",1,"https://file1.jbch.org/guide/50/50_2020110509072275232_ligereagle.jpg"
134,"서귀포교회","대한민국","제주특별자치도 서귀포시 신서귀로51번길 15","정기준 담임목사",1,"https://file1.jbch.org/guide/134/134_2017072012531615648_dkstmdgp38.jpg"
67,"서산교회","대한민국"," (우) 31935 충남 서산시 음암면 서령로 526 (율목리 694-3)","김종호 담임목사",2,"https://file1.jbch.org/guide/67/67_2017061309505309742_alstuddhdi.jpg"
246,"서수원교회","대한민국","우)18290 경기도 화성시 매송면 매송고색로503번길 219-18(구:천천리 35-10)","이종혁 담임목사",2,"https://file1.jbch.org/guide/246/246_2023021113295365501_naviyoun.jpg"
465,"서안산교회","대한민국","경기도 안산시 단원구 초지동 685","김주용 담임목사",1,"https://file1.jbch.org/guide/465/465_2019080410475553200_cygnus410.jpg"
220,"서울강북교회","대한민국","서울시 성북구 오패산로10길30 영광프라자 5층","신창훈 담임목사",2,"https://file1.jbch.org/guide/220/220_2022051516222339900_alsdud7329.jpg"
96,"서울강서교회","대한민국","서울특별시 강서구 화곡6동 980-5(까치산로131)","김재광 담임목사",5,""
296,"서울광진교회","대한민국","서울시 광진구 군자동265번지(능동로21길10)","문승태 담임목사",1,"https://file1.jbch.org/guide/296/296_2021050712232246568_paul.jpg"
95,"서울노원교회","대한민국","서울시 노원구 중계로 14다길 79 (중계동)","김연숙 담임목사",5,"https://file1.jbch.org/guide/95/95_2026050310041352675_sdbjw1559.png"
649,"서울도봉교회","대한민국","서울 도봉구 도봉로 553","유충기 담임목사",1,"https://file1.jbch.org/guide/649/649_2025122216514213143_kangqwpo.jpg"
221,"서울동대문교회","대한민국","서울특별시 동대문구 천호대로 295 우창프라자 4층","김승배 담임목사",2,"https://file1.jbch.org/guide/221/221_2022032709403504321_vnfahsflsk.jpg"
78,"서울동부교회","대한민국","경기도 하남시 초이로99번길 33 (초이동)  ","이준민 담임목사",2,"https://file1.jbch.org/guide/78/78_2017092415304095472_kmra1004.jpg"
94,"서울서부교회","대한민국","서울특별시 서대문구 연희로10길 79-12","김현태 담임목사",4,"https://file1.jbch.org/guide/94/94_2017081714205616199_yukoo.jpg"
455,"서울송파교회","대한민국","서울특별시 송파구 마천동 181번지 아울렛코리아라이프 상가 2~3층 서울송파교회(송파구 마천로 315)","이무열 담임목사",2,""
200,"서울양천교회","대한민국","서울특별시 양천구 신정로7길 60-5 (신정동)  5층","김호찬 담임목사",4,"https://file1.jbch.org/guide/200/200_2022061910324113840_toffalex.jpg"
1123,"서울영등포교회","대한민국","서울특별시 구로구 구로중앙로31길 34 (2층, 3층)","김현동 담임목사",1,"https://file1.jbch.org/guide/1123/1123_2025071409494924856_jjs0691.png"
97,"서울은평교회","대한민국","경기도 고양시 덕양구 용두로 47번안길 47","고대형 담임목사",4,"https://file1.jbch.org/guide/97/97_2019021520115966844_ancjsfydghk.jpg"
544,"서울잠실교회","대한민국","서울 송파구 풍성로 52, 상가동 지하1층 (풍납동, 대아아파트)","신연옥 담임목사",2,""
433,"서울종로교회","대한민국","02831 서울특별시 성북구 성북로4길 52 한진스포츠센타 2층 (돈암동 609-1)","김한연 담임목사",2,"https://file1.jbch.org/guide/433/433_2024060211593331941_sugarking.png"
191,"서울중랑교회","대한민국","서울시 중랑구 봉화산로 194 신아타운 11,12층(신내동 666번지)","이영민 담임목사",3,""
263,"서울중부교회","대한민국","서울 성동구 왕십리로30길 15-1","정병기 담임목사",3,""
98,"서울중앙교회","대한민국","경기도 안양시 동안구 관양로305번길 37","이요한 담임목사",37,"https://file1.jbch.org/guide/98/98_2017031717343602956_christlee.jpg"
306,"서천교회","대한민국","충청남도 서천군 서천읍 서천로200번길 13    (지번)충청남도 서천군 서천읍 사곡리 206-10   (우)33635","이상경 담임목사",1,""
987,"서충주교회","대한민국","충주시 주덕읍 화개4길 109 (화곡리 1278)","신근 담임목사",1,"https://file1.jbch.org/guide/987/987_2025021116060839638_sk1005.jpg"
91,"성남교회","대한민국","13204 경기도 성남시 중원구 순환로214번길 20-14 (상대원1동 53번지)","김도현 담임목사",3,""
641,"세종교회","대한민국","세종특별자치시 안기강산길 20","강성구 담임목사",2,"https://file1.jbch.org/guide/641/641_2025011219320391497_shan79kc.jpg"
75,"속초교회","대한민국","강원도 속초시 청대로 232번길 6","김정철 담임목사",1,"https://file1.jbch.org/guide/75/75_2024020709594185112_whddy12.jpeg"
90,"수원교회","대한민국","경기도 용인시 기흥구 석현로 10 (영덕동 1055)","홍정현 담임목사",15,""
7,"순창교회","대한민국","전북 순창군 순창읍 성현길 42","최광현 담임목사",1,"https://file1.jbch.org/guide/7/7_2023052319055982876_univ2027.jpg"
33,"순천교회","대한민국","전남 순천시 가곡 1길 14(구, 968-2)","신명호 담임목사",5,""
83,"시흥교회","대한민국","429-844 경기도 시흥시 장현동 547-6 해솔프라자 5,6,7층","김명진 담임목사",2,""
225,"시흥서부교회","대한민국","경기도 시흥시 군서로 10번길 2 (정왕동 1197-7번지)","신만호 담임목사",1,""
795,"신안교회","대한민국","전라남도 신안군 팔금면 장목길 17-24 (지번: 원산리 635) ","강승권 담임목사",1,"https://file1.jbch.org/guide/795/795_2021062023485439549_mi1115.png"
228,"아산교회","대한민국","충남 아산시 삼동로23  (온천동307-8번지)  ","김종천 담임목사",1,"https://file1.jbch.org/guide/228/228_2025062416163194124_SEYOUNG89.jpg"
49,"안동교회","대한민국","경상북도 안동시 예일길 47 (정하동 394)","김상진 담임목사",1,"https://file1.jbch.org/guide/49/49_2020081417313678875_kws202.jpg"
89,"안산교회","대한민국","경기도 안산시 상록구 항호3길 54","남궁은 담임목사",6,"https://file1.jbch.org/guide/89/89_2025121609394107051_rnjs9909.jpg"
276,"안성교회","대한민국","456-260 경기도 안성시 중앙로 134-8 (옥산동 99번지)","김재영 담임목사",1,"https://file1.jbch.org/guide/276/276_2018050615045389745_suha4506.jpg"
72,"양구교회","대한민국","강원도 양구군 양구읍 학안로447","김보유 담임목사",1,"https://file1.jbch.org/guide/72/72_2018010904564662425_simyu55.jpeg"
222,"양산교회","대한민국","경남 양산시 물금읍 범어리 2782-2(물금읍 부산대학로 152)스카이프라자4층","전현수 담임목사",2,"https://file1.jbch.org/guide/222/222_2021022611233275439_forgod1910.png"
700,"양산동부교회","대한민국","도로명주소:  경남 양산시 대운로 231, 4층,5층 종로빌딩","이제규 담임목사",1,"https://file1.jbch.org/guide/700/700_2024090120151294022_lee100021.jpeg"
653,"양양교회","대한민국","강원도 양양군 양양읍  임천1길, 76","양지수 담임목사",1,"https://file1.jbch.org/guide/653/653_2022040217231779660_yu6702.jpg"
81,"양주교회","대한민국","경기도 양주시 은현면 평화로 1889번 길 17-64  (차량이용 : 은현면 용암리328-6) ","박수휘 담임목사",2,"https://file1.jbch.org/guide/81/81_2026053016471932119_dlrlgk4506.jpg"
88,"양평교회","대한민국","경기 양평군 양평읍 중앙로 378번길 13-8","박종권 담임목사",1,"https://file1.jbch.org/guide/88/88_2026052209215443890_unique84.png"
32,"여수교회","대한민국","전라남도 여수시 만흥동 1017-1 (만성로 341)","조윤구 담임목사",3,"https://file1.jbch.org/guide/32/32_2024012809510941936_daniel.jpg"
312,"여주교회","대한민국","경기도 여주시 여주남로 82-20","이주원 담임목사",1,"https://file1.jbch.org/guide/312/312_2020122600164212335_gudah3164.jpg"
79,"연천교회","대한민국","경기도 연천군 전곡읍 평화로848번길 37 (우) 11025","정해수 담임목사",1,"https://file1.jbch.org/guide/79/79_2018091815444085821_suki.jpg"
31,"영광교회","대한민국","전남 영광군 영광읍 대하길4길 9-15번지","김병헌 담임목사",2,""
451,"영덕교회","대한민국","(도로명) 경상북도 영덕군 영덕읍 강변길 338    (지번 주소)경북 영덕군 영덕읍 화개리 580번지","윤호영 담임목사",1,"https://file1.jbch.org/guide/451/451_2023021011444176060_bacpark.jpeg"
58,"영동교회","대한민국","충북 영동군 영동읍 매천6길 19-3","양경준 담임목사",1,"https://file1.jbch.org/guide/58/58_2018011520204645308_bong1981.jpg"
22,"영암교회","대한민국","전남 영암군 영암읍 녹암대동보길 25 (회문리 510)","이학석 담임목사",2,"https://file1.jbch.org/guide/22/22_2025012100074739456_gus4197.jpg"
1130,"영월교회","대한민국","강원특별자치도 영월군 영월읍 하송로 68 청령프라자 201호","김만희 담임목사",1,"https://file1.jbch.org/guide/1130/1130_2026022616405645551_ldk9103.jpg"
620,"영주교회","대한민국","경상북도 영주시 선비로 184","이한종 담임목사",1,""
44,"영천교회","대한민국","[38840] 경상북도 영천시 오수1길 24 (오수동267-3)","이기남 담임목사",1,""
154,"예산교회","대한민국","충남 예산군 예산읍 마상길 60","박경준 담임목사",1,"https://file1.jbch.org/guide/154/154_2020060300591417037_olivia8888.jpg"
82,"오산교회","대한민국","경기도 오산시 독산성로 185 (지곶동 332-4)","김명현 담임목사",3,""
681,"옥천교회","대한민국","옥천군 옥천읍 양수로3길 22","구인정 담임목사",1,"https://file1.jbch.org/guide/681/681_2022102609582494769_kchansol.jpg"
211,"완도교회","대한민국","전남 완도군 완도읍 군내길 9(완도교회)","오상봉 담임목사",1,"https://file1.jbch.org/guide/211/211_2023121715062608621_seoscw.jpg"
125,"용인교회","대한민국"," 경기도 용인시 처인구 영문로29번길 41-21","윤종현 담임목사",2,"https://file1.jbch.org/guide/125/125_2025061920585337097_rladudgn312.jpeg"
46,"울릉교회","대한민국","경상북도 울릉군 울릉읍 저동1길 100","정진 담임목사",1,""
53,"울산교회","대한민국","울산광역시 중구 함월 16길 77","변인교 담임목사",5,""
1088,"울산강동교회","대한민국","울산광역시 북구 화암 1길 6","이재흥 담임목사",1,"https://file1.jbch.org/guide/1088/1088_2024062111082531779_chirougo.png"
243,"울산남부교회","대한민국","울산광역시 울주군 청량읍 상남길 9-1(상남리 879-4번지)","이장윤 담임목사",1,"https://file1.jbch.org/guide/243/243_2018050719384884130_chollen3.jpg"
477,"울산동부교회","대한민국","울산광역시 동구 명덕6길 50 (서부동)","김동영 담임목사",1,""
522,"울산북부교회","대한민국","울산광역시 북구 분통골길 33-9(천곡동 588-1)","박상언 담임목사",1,"https://file1.jbch.org/guide/522/522_2021042207345972790_wnsla486.jpg"
599,"울산서부교회","대한민국","울산광역시 울주군 삼남읍 울산역로 274 동문디이스트 301동 203호","이영진 담임목사",1,"https://file1.jbch.org/guide/599/599_2017073016332426166_jj1010.png"
290,"울진교회","대한민국","경북 울진군 울진읍 울진북로 644-9","김철규 담임목사",1,"https://file1.jbch.org/guide/290/290_2021031723001402888_yh94106770.jpg"
74,"원주교회","대한민국","강원특별자치도 원주시 만대로 16-19 (무실동 418-1)","최근휴 담임목사",3,"https://file1.jbch.org/guide/74/74_2023082710074894570_yaha9292.jpg"
643,"원주서부교회","대한민국","강원도 원주시 문막읍 문막시장 1길 76-4","김경열 담임목사",1,"https://file1.jbch.org/guide/643/643_2022111123070049033_somi8901.jpg"
57,"음성교회","대한민국","369-901 충북 음성군 금왕읍  금일로 81-14 (내송리 202번지) ","오동선 담임목사",1,""
682,"의성교회","대한민국","경북 의성군 의성읍 중앙길 55-3","신석철 담임목사",1,"https://file1.jbch.org/guide/682/682_2025070213523752157_foj3.png"
87,"의정부교회","대한민국","우) 11643 경기도 의정부시 안말로48 (내비게이션 : 회룡중학교 정문)","최순주 담임목사",5,"https://file1.jbch.org/guide/87/87_2022021122413079834_gakurai.jpg"
84,"이천교회","대한민국","경기도 이천시 부발읍 황무로 1654 (죽당리 474-1)","방양환 담임목사",2,"https://file1.jbch.org/guide/84/84_2023021321430617217_scwon7.jpg"
11,"익산교회","대한민국","전북 익산시 선화로 13길 52-8 (모현동 1가)","진두원 담임목사",6,""
661,"익산북부교회","대한민국","전북 익산시 함열읍 정동길 57","황국진 담임목사",1,"https://file1.jbch.org/guide/661/661_2017092810410949336_cbr3210.jpg"
730,"인제교회","대한민국","강원도 인제군 인제읍 인제로 206번길 33","김윤형 담임목사",1,"https://file1.jbch.org/guide/730/730_2020101520484015679_sjgzzang0288.jpg"
77,"인천교회","대한민국","인천광역시 미추홀구 매소홀로386번길 31-25(학익동 686-3)","양상용 담임목사",12,"https://file1.jbch.org/guide/77/77_2018011721181909322_santafe96.jpg"
218,"인천계양교회","대한민국","인천광역시 계양구 아나지로 311, 상가동 3,4층(작전1동 동보1차A)","이성기 담임목사",2,"https://file1.jbch.org/guide/218/218_2023050714160893660_brother33.jpg"
654,"인천부평교회","대한민국","인천광역시 부평구 동수로 28","이종업 담임목사",2,"https://file1.jbch.org/guide/654/654_2026010122013422628_elam7.jpg"
223,"인천북부교회","대한민국","인천광역시 계양구 역골로119번길 23-1","김용식 담임목사",2,"https://file1.jbch.org/guide/223/223_2025122318571478580_kimyongsik.jpg"
420,"인천서부교회","대한민국","인천광역시 서구 가정동 546 한신그랜드힐빌리지 상가 3층","오성용 담임목사",2,""
590,"인천영종교회","대한민국","인천광역시 중구 운남로 82번길 22-1","심지흔 담임목사",1,"https://file1.jbch.org/guide/590/590_2025062421300926593_jamestyle.jpg"
1094,"인천중부교회","대한민국","인천 부평구 안남로 261 전방프라자 3층","박정현 담임목사",1,""
86,"일산교회","대한민국","경기도 고양시 일산서구 송산로 499-32","나상법 담임목사",6,"https://file1.jbch.org/guide/86/86_2020091819155705990_skygoodksh.jpg"
320,"임실교회","대한민국","전북 임실군 임실읍 봉황로 64-8","박영선 담임목사",1,""
310,"임자교회","대한민국","전남 신안군 임자면 임자로 272(이흑암리 153-27)","김인근 담임목사",1,"https://file1.jbch.org/guide/310/310_2020011017562736970_hapostle.jpg"
21,"장성교회","대한민국"," 전남 장성군 장성읍 문화로 15-27 구) 전남 장성군 장성읍 영천리 1465-13","윤희준 담임목사",1,"https://file1.jbch.org/guide/21/21_2025120720444531075_hjyoun.jpg"
131,"장수교회","대한민국","전북 장수군 장수읍 장천로 147","최영조 담임목사",1,"https://file1.jbch.org/guide/131/131_2017042515155094425_kimks.jpg"
30,"장흥교회","대한민국","전남 장흥군 장흥읍 용두1길 28","양창진 담임목사",1,"https://file1.jbch.org/guide/30/30_2026012810011833826_hosanna.jpg"
498,"장흥남부교회","대한민국","59365 전라남도 장흥군 대덕읍 거정4길 15-9","이민웅 담임목사",1,"https://file1.jbch.org/guide/498/498_2021011118125025313_yjchoi.jpg"
10,"전주교회","대한민국","전북 전주시 덕진구 안덕원로 311-21(인후동1가)","서도석 담임목사",11,"https://file1.jbch.org/guide/10/10_2018022211100935262_kjs214.png"
422,"전주남부교회","대한민국","우)560-283 전북 전주시 완산구 난전들로 100-7(평화동 3가 259-4)","강명수 담임목사",1,"https://file1.jbch.org/guide/422/422_2021123115284233091_yoonjk5618.jpg"
509,"전주동부교회","대한민국","전북 완주군 봉동읍 낙평동서로 26-30","홍석환 담임목사",1,"https://file1.jbch.org/guide/509/509_2018051018434695239_choiyw.png"
227,"전주북부교회","대한민국","전북특별자치도 완주군 삼례읍 삼례나들목로 324-10 전주북부교회","신길재 담임목사",1,"https://file1.jbch.org/guide/227/227_2018040713125718696_po515.jpg"
204,"정선교회","대한민국","강원도 정선군 정선읍 어천길 39(애산리 660-1)","윤영균 담임목사",1,"https://file1.jbch.org/guide/204/204_2022121200583889278_lhj0725.jpg"
537,"정안교회","대한민국","충남 공주시 정안면 가락골길 169","",0,"https://file1.jbch.org/guide/537/537_2024012211435449836_bgh97001.jpg"
8,"정읍교회","대한민국","56194 전라북도 정읍시 금붕1길 37(상동)","최기동 담임목사",2,"https://file1.jbch.org/guide/8/8_2017072316141228322_msp0506.jpg"
6,"제주교회","대한민국","제주특별자치도 제주시 애월읍 상귀장수물길 58-30","김광호 담임목사",2,"https://file1.jbch.org/guide/6/6_2018071510081730171_redfk.jpg"
231,"제주동부교회","대한민국","제주특별자치도 서귀포시 성산읍 일주동로 4456","송주성 담임목사",1,""
976,"제주중부교회","대한민국","제주시 중앙로 265 성우빌딩 6층","허민호 담임목사",1,"https://file1.jbch.org/guide/976/976_2022050816145612993_redfk.jpg"
61,"제천교회","대한민국","충북 제천시 의병대로 310-1  (두학동 1101-3번지 )","김성태 담임목사",1,""
492,"증평교회","대한민국","충북 증평군 증평읍 초중리 535-2 3층","김진배 담임목사",1,"https://file1.jbch.org/guide/492/492_2024111814493031671_robin0922.png"
20,"지도교회","대한민국","전남 신안군 지도읍 봉리길 58 (광정리 1188-1)","심방식 담임목사",1,""
19,"진도교회","대한민국","58928 전남 진도군 진도읍 남산2길 51-41","정병한 담임목사",1,"https://file1.jbch.org/guide/19/19_2025101711083877307_jesuskbo.jpg"
9,"진안교회","대한민국","전북 진안군 진안읍 대광3길 14","홍정호 담임목사",1,""
41,"진주교회","대한민국","경남 진주시 하대로 34번길 28 (하대1동 593-15)","남석현 담임목사",3,"https://file1.jbch.org/guide/41/41_2023121822040838267_kcs0522.jpg"
143,"진천교회","대한민국","충북 진천군 진천읍 문화로 91-45 (교성리 83-2)","박상용 담임목사",1,"https://file1.jbch.org/guide/143/143_2024122901535553321_sobiza.jpg"
110,"진해교회","대한민국","645-320 경남 창원시 진해구 천자로421번길 19 (풍호동 818-4)","문우식 담임목사",1,""
40,"창원교회","대한민국","경남 창원시 의창구 동읍 동읍로 224번길 21","장관익 담임목사",2,"https://file1.jbch.org/guide/40/40_2018042611211794709_chltldo123.jpg"
482,"창원중부교회","대한민국","(642-829)경상남도 창원시 성산구 동산로 72번길 16, 501호. 구주소 : 성산구 상남동 49-1 명성상가 5층","전용선 담임목사",1,"https://file1.jbch.org/guide/482/482_2022123010473507983_icetank8750.jpg"
65,"천안교회","대한민국","충남 천안시 서북구 업성동 업성2길 3-6  천안교회","양용철 담임목사",6,"https://file1.jbch.org/guide/65/65_2023102215003977260_media5077.jpg"
1087,"천안남부교회","대한민국","충남 천안시 동남구 통정12로 103","우종기 담임목사",1,""
436,"천안동부교회","대한민국","충청남도 천안시 동남구 목천안터1길  26 천안동부교회","강대철 담임목사",1,"https://file1.jbch.org/guide/436/436_2024092914004181551_sky1224sea.jpg"
280,"철원교회","대한민국","강원도 철원군 갈말읍 명성로 139번길 41","조성만 담임목사",1,""
283,"청도교회","대한민국","경북 청도군 청도읍 모강길 123","한철인 담임목사",1,"https://file1.jbch.org/guide/283/283_2023071211252953726_chungyil.jpg"
457,"청송교회","대한민국","764-816 경북 청송군 진보면 청송로 6351(진안리 649-2)","김한진 담임목사",1,"https://file1.jbch.org/guide/457/457_2024031617025418206_hj9267.jpg"
986,"청양교회","대한민국","충청남도 청양군 청양읍 중앙로 136 탑프라자 4층","박정호 담임목사",1,"https://file1.jbch.org/guide/986/986_2023051814175645452_stronglee.jpg"
60,"청주교회","대한민국","충북 청주시 청원구 공항로220번길 43 (주중동 571)","장성훈 담임목사",6,""
588,"청주남부교회","대한민국","충북 청주시 서원구 장성동 1-10","우병수 담임목사",1,"https://file1.jbch.org/guide/588/588_2018020113164610114_leejunga.jpg"
208,"청주오송교회","대한민국","충청북도 청주시 흥덕구 오송읍 정중연제로 4-2","신남식 담임목사",1,""
73,"춘천교회","대한민국","(우)24407 강원도 춘천시 동내면 장안길 69-25","이광열 담임목사",4,"https://file1.jbch.org/guide/73/73_2017072310120677844_dmltk1199.jpg"
59,"충주교회","대한민국","충북 충주시 남산1길 28 ( 용산동 1769번지 )","최근성 담임목사",2,""
307,"태백교회","대한민국","강원도 태백시 상장로 71","김영만 담임목사",1,""
295,"태안교회","대한민국","충남 태안군 태안읍 군청6길 9태안교회(우) 32144","지명구 담임목사",1,""
205,"파주교회","대한민국","경기도 파주시 천정구로 163-45(교하동 423-18)","서상진 담임목사",2,"https://file1.jbch.org/guide/205/205_2021120810374067696_gnt91.jpg"
508,"파주북부교회","대한민국","경기도 파주시 문산읍 화석정로 12","김상호 담임목사",1,""
545,"평창교회","대한민국","강원도 평창군 평창읍 송학로 52","전종환 담임목사",1,""
85,"평택교회","대한민국","경기도 평택시 모산영신1길 56","노진구 담임목사",6,""
507,"평택동부교회","대한민국","456-825 경기도 안성시 공도읍 원승두길 16 소망빌딩(승두리 598-59번지)","문경호 담임목사",1,"https://file1.jbch.org/guide/507/507_2021011209390583637_chj4795.jpg"
695,"평택서부교회","대한민국","경기도 평택시 안중읍 안현로 356 (2층~4층)","차운철 담임목사",1,"https://file1.jbch.org/guide/695/695_2025122116010628733_iigiioiidii.jpg"
80,"포천교회","대한민국","경기도 포천시 신북면 아트밸리로 31-1","김춘현 담임목사",1,"https://file1.jbch.org/guide/80/80_2020080411410226300_dlzh0707.jpg"
48,"포항교회","대한민국","경상북도 포항시 북구 법원로25번길 37 (장성동)","장기현 담임목사",4,""
454,"포항남부교회","대한민국","경북 포항시 남구 오천읍 문덕로 53번길 20-4(문덕리 376-2번지)","김주호 담임목사",1,"https://file1.jbch.org/guide/454/454_2020072618343665305_thekim133.jpeg"
39,"하동교회","대한민국","667-831 경남 하동군 적량면 공설운동장로 183-11","김창규 담임목사",1,""
28,"함평교회","대한민국","전라남도 함평군 함평읍 들샘길 19","유태홍 담임목사",1,"https://file1.jbch.org/guide/28/28_2018052419274936126_oodejang.jpg"
546,"합천교회","대한민국","경상남도 합천군 합천읍 핫들5로 16","박천 담임목사",1,"https://file1.jbch.org/guide/546/546_2026013010090970918_tian1002.png"
24,"해남교회","대한민국","전라남도 해남군 해남읍 용머리길 56","소자섭 담임목사",1,""
55,"해운대교회","대한민국","부산광역시 해운대구 삼어로91번길 42","조달호 담임목사",1,""
149,"홍성교회","대한민국","충청남도 홍성군 홍북읍 홍북로 355-70 (대동리381-3번지)","박성순 담임목사",1,"https://file1.jbch.org/guide/149/149_2019110510582233892_lch0691.jpg"
269,"홍천교회","대한민국","강원도 홍천군 홍천읍 석화로 3길 33","김봉옥 담임목사",1,"https://file1.jbch.org/guide/269/269_2024011519092062360_kj9182.jpg"
247,"화성교회","대한민국","경기도 화성시 향남읍 발안로 107 (태성프라자 7층)","김용선 담임목사",2,"https://file1.jbch.org/guide/247/247_2017050409302175916_signbank.jpg"
679,"화성남양교회","대한민국","경기도 화성시 남양읍 화성로 1063  2층","김상길 담임목사",1,""
27,"화순교회","대한민국","전라남도 화순군 화순읍 대리길36","김영훈 담임목사",5,"https://file1.jbch.org/guide/27/27_2026010219290128219_eogh117.jpg"
161,"화천교회","대한민국","강원도 화천군 상서면 구둔지길 32-6 대한예수교 침례회 화천교회","장지명 담임목사",1,"https://file1.jbch.org/guide/161/161_2023030513271099933_tngus3256.jpg"
729,"횡성교회","대한민국","강원도 횡성군 횡성읍 한우로 242번길 22","김용희 담임목사",1,"https://file1.jbch.org/guide/729/729_2025011122295691403_wlsdngus.jpg"
47,"후포교회","대한민국","경북 울진군 후포면 삼율로 19-1(삼율리 271번지)","노규원 담임목사",1,""
245,"LA교회","미국","8525 Glenoaks Blvd, Sun Valley, CA 91352","정성호 담임목사",2,""
108,"LA중앙교회","미국","1540 E. 1st St. #250 Santa Ana, CA 92701","이재준 담임목사",2,"https://file1.jbch.org/guide/108/108_2018082413474620642_mih80.png"
309,"LA코로나교회","미국","1138e 6th St, Corona, CA 92882","박철오 담임목사",1,"https://file1.jbch.org/guide/309/309_2017072516421357096_leeguide.jpg"
778,"가와사키교회","일본","神奈川県川崎市宮前区鷺沼1-8-5 エトワーレオトール鷺沼201","츠카모토 塚元健司 담임목사",1,"https://file1.jbch.org/guide/778/778_2025082714174614407_chisato0815.jpeg"
517,"고리야마교회","일본","963-8846 日本国福島県郡山市久留米3丁目3ー1 ","야마기 담임전도사",1,""
548,"과달라하라교회","멕시코","HIPICO 240  INT. 36 COL. SAN JUAN DE JOCOTAN ZAPOPAN, JALISCO.  MEXICO","김진상 담임목사",1,""
519,"과삘레스교회","코스타리카"," enfrente del polideportivo, 40 M oeste. 50 M norte, Guapiles, Pococi, Limón, Costa Rica","신경섭 담임목사",1,"https://file1.jbch.org/guide/519/519_2025081423545240929_ks0274.jpg"
323,"과야낄교회","에콰도르","km 14.5 vía a Daule 100m antes de llegar a indulac","김상회 담임목사",2,""
568,"과야낄수르교회","에콰도르","C, 49 SO, 090205 Guayaquil.","박영규 담임목사",1,""
105,"괌교회","미국","Jusus Baptist Church of Guam","조성웅 담임목사",2,""
210,"구와티중앙교회","인도","Mission Center, Patgaon Raniroad, Borjhar Guwahati 781015, Assam, India. ","",0,""
1091,"기노옥교회","필리핀","Barangay San Luis, Gingoog city, Misamis Oriental, Philippines.","",0,""
561,"기후교회","일본","岐阜県可児市東帷子１３０－２","",0,""
764,"까가얀데오르교회","필리핀","Purok 8 2nd Street San Pedro Gusa CDO","이상록 담임목사",1,""
493,"까딴두아네스바토교회","필리핀","4F Araojo Shopping Center, Cavinitan, Virac, Catnes","",0,"https://file1.jbch.org/guide/493/493_2017082123153570532_kyungdoe.jpg"
763,"까딴두아네스비락교회","필리핀","","",0,""
192,"까라발타교회","키르기스스탄","Кыргызстан, Чуйская область, г.Карабалта  ул.8 марта №1Б(생명의말씀교회 Жизненное Слово)","김창수 담임목사",1,""
610,"까르데나스교회","멕시코","","",0,""
532,"까르멘교회","멕시코","Calle 21 10, Benito Juárez, 24180 Cd del Carmen, Camp.","",0,""
754,"까말릭교회","필리핀","","",0,""
291,"까비테교회","필리핀","OSORIO TRECE MERTIREZ CITY, CAVITE, PHILIPPINES","김근태 담임목사",1,""
300,"까인다교회","키르기스스탄","Kyrgyzstan, Chuiskaya oblast, Panfilobskiy rayon, p. Kainda, per. Shopokoba 3","",0,""
755,"까일라와이교회","필리핀","Kaylaway, Nasugbu Batangas","",0,""
314,"깐트교회","키르기스스탄","Кыргызская Республика, Чуйская область Ысык-Атинский район, г.Кант, ул. Абдраимово, дом №71","구남호 담임목사",1,""
475,"깔라우안교회","필리핀","063 Purok 2 Barangay Bangyas Calauan Laguna Philippines","김태완 담임목사",1,""
727,"깔로오깐교회","필리핀","Blk 7 lot 28 bayabas st. SM Homes Deparo 2 Brgy. 170 Caloocan City","",0,""
591,"깜뻬체교회","멕시코","Calle cedros mza 1 lte 22 fraccionamiento arboleda. Frente a la prg","",0,""
479,"께레따로교회","멕시코","Calle condesa pardo bazan y condesa de madaleine 320, La Condesa, 76125 Santiago de Querétaro, Qro. México","이제헌 담임목사",1,""
656,"꼬자도비잘바교회","스페인","C/ Cercedilla 2, Local 2, 28400 Collado Villalba, Madrid","이동희 담임목사",1,""
506,"꼬차밤바교회","볼리비아","Calle Illapa #1848 entre Av. America y calle Alcides Arguedas, Zona Cala Cala, Cochabamba, Bolivia","문상인 담임목사",1,"https://file1.jbch.org/guide/506/506_2023101901022868870_msi1000.jpg"
630,"꾸엔카교회","에콰도르","Avenida de las Americas en Cuenca de Ecuador","양정환 담임목사",1,"https://file1.jbch.org/guide/630/630_2017120911263035132_pyq7.jpg"
636,"꾸엥까교회","스페인","Avenida de los Reyes Católicos, 16, 16003, Cuenca, España.","김동옥 담임목사",1,"https://file1.jbch.org/guide/636/636_2020041405510124136_kidaehanb.jpg"
279,"나가교회","필리핀","Naga Church B/D, Narra ST. Mariano Village Balatas Naga City","홍은성 담임목사",1,""
147,"나고야교회","일본","名古屋市北区光音寺町4－27－9","稲田 담임전도사",1,""
430,"나른교회","키르기스스탄","","",0,""
812,"나사웃교회","루마니아","Strada Vasile Nașcu, Nasaud 425200, Romania","강병삼 담임목사",1,""
240,"나손교회","힇","dongfeng R.D. #62 Guangzhou city","",0,""
724,"날래흐교회","몽골","","류희석 담임목사",1,""
201,"남버지니아교회","미국","13246 Warwick Blvd, Newport News, VA 23602-6722","최현우 담임목사",1,"https://file1.jbch.org/guide/201/201_2019031109550343219_chamvitt.jpg"
252,"남일리노이교회","미국","4 Phillips Dr, Fairview Heights, IL 62208","김성열 담임목사",1,""
664,"네피도교회","미얀마","No. 396, Pan Laung Street, Shwe Kyar Pin qt, Zabyu Thiri City, Nay Pyae Daw.","",0,""
521,"노갈레스교회","멕시코","Calle4 No.36 Col.Anahuac Nogales, Veracruz, Mexico","황재성 담임목사",1,""
658,"뉴욕교회","미국","167 Willis Ave, Mineola, NY 11501","박종경 담임목사",1,"https://file1.jbch.org/guide/658/658_2023020809584723137_aje1337.jpeg"
109,"뉴저지교회","미국","61 Church Street, Teaneck, NJ 07666","신민철 담임목사",2,""
146,"니이가타교회","일본","新潟県新潟市東区長者町15－28 ","長谷川　聖 담임목사",1,""
244,"다르한교회","몽골","Mongolia Darkhan-Uul aimag Darkhan sum 9-r bag Darkhan baprist church","임재환 담임목사",2,""
756,"다바오씨티교회","필리핀","","",0,""
633,"다바오토릴교회","필리핀","Bayanihan cor Lapu lapu st Toril, Davao city","최현준 담임목사",1,""
560,"다스마리냐스교회","필리핀","B13 L18 Dexterville Subd., San Nicolas, Dasmariñas, Cavite","",0,""
689,"다울레교회","에콰도르","","",0,""
128,"다윗교회","힇","","",0,""
592,"다카교회","방글라데시","73/1, senpara parbota, Mirpur-10, Dhaka-1216. Bangladesh.","",0,""
421,"달라스교회","미국","13305 Wilmington Dr.  Farmers Branch, TX 75234","신문호 담임목사",2,""
701,"대북교회","대만","No. 71-2F, Sec. 1, Hankou St., Zhongzheng Dist., Taipei City 100006 , Taiwan (R.O.C.)  台北市中正區漢口街一段71號2樓","",0,"https://file1.jbch.org/guide/701/701_2018111610135018564_dksl200.jpg"
601,"던가디교회","네팔","","",0,""
141,"덴버교회","미국","2241 South. Peoria St, #205  Aurora  CO. 80014","정광국 담임목사",1,"https://file1.jbch.org/guide/141/141_2025120914014482740_kanghyowon.jpg"
426,"도끄막교회","키르기스스탄","Чуйская область, Чуйский район, село Чуй, улица Сансызбаева 173","김희강 담임목사",1,""
124,"도르트문트교회","독일","Willstätter str.57 44369 Dortmund","우성은 담임목사",1,""
499,"돈드고비교회","몽골","Mongolia Dundgovi Mandalgovi POST Office box-40","",0,""
99,"동경교회","일본","日本東京都足立区東綾瀬3-15-11","이기용 담임목사",2,"https://file1.jbch.org/guide/99/99_2019011715331123743_dktmf.jpg"
500,"동경신주쿠교회","일본","東京都 新宿区 大久保1-3-3 セイントマンション7階","황광률 담임목사",1,""
721,"두랑고교회","멕시코","","",0,""
686,"두마게띠교회","필리핀","Dumaguete Church B/D, Purok Kalubihan, Daro, Dumaguete City, 6200, Negros Oriental, Philippines","김병석 담임목사",1,"https://file1.jbch.org/guide/686/686_2021042620334633415_arttech.jpg"
487,"따까와얀교회","필리핀","Poblacion Zone 3 Del Gallego Camarine Sur Philippines ","",0,""
408,"따랑꼰교회","스페인","C/Jeronimo Bujeda 10,  16400 Tarancon (Cuenca)","",0,""
665,"따이찌교회","미얀마","No. 31, Thiri street, Zay qt, Tike Gyi.","",0,""
790,"딸락교회","필리핀","9th Street Barangay Balete, San Miguel Tarlac","",0,""
765,"땀박교회","필리핀","Sitio Tambac, Brangay Maonon, Ligao City, Albay, Philippines","",0,""
708,"떼떼구교회","미얀마","Myaung Mya Tae Tae khu (Gu) Yay Kyaw","",0,""
797,"떼무꼬교회","칠레","Senador Estébanez 555, Temuco, La Araucanía, Chile","진세장 담임목사",1,"https://file1.jbch.org/guide/797/797_2021060901521001831_nasilinn.jpeg"
445,"떼시우뜰란교회","멕시코","","박상준 담임목사",1,""
471,"떼우아깐교회","멕시코","LEON GUZMAN 309 REFORMA TEHUACAN PUE CP 75760 ","김용우 담임목사",1,""
444,"라글로리아교회","멕시코","FCO I MADERO LA GLORIA PEROTE VER","",0,""
667,"라뿟따교회","미얀마","Latputar City, Sarchat Group, Thin Kan Kone Village.","",0,""
172,"라스베가스교회","미국","3825 Melody Lane, Las Vegas, NV 89108","박철민 담임목사",1,""
416,"라파스교회","볼리비아","Pasaje Kantutas No 25, Calacoto Calle 10, La Paz","홍석철 담임목사",1,""
557,"라피다리오교회","필리핀","B25 L2-C Sunflower st., Ches-1, Trece Martires City, Cavite","",0,""
740,"란사로테교회","스페인","","",0,""
162,"러튼(오클라호마)교회","미국","1421 Great Plains Blvd, Suite B, Lawton, OK 73505","",0,""
160,"런던교회","영국","London Baptist Church, Clifden Rd, Brentford, TW8 0PB","차영환 담임목사",1,"https://file1.jbch.org/guide/160/160_2023010507391504412_ddakcha.jpg"
737,"레이떼교회","필리핀","# 432 R.V. Villaflores St. Central Hilongos ,Leyte","",0,"https://file1.jbch.org/guide/737/737_2023052100333225535_gyqls0401.jpg"
618,"로께따스데마르교회","스페인","Avenida de la aduana No.5, 04740, Roquetas de mar, Almería, España","",0,""
662,"루케교회","파라과이","Iglesia Misión Palabra De Vida (Iglesia de Luque 110953)","권종환 담임목사",1,"https://file1.jbch.org/guide/662/662_2024011604280519612_syoon91.jpg"
122,"르호보암교회","힇","","",0,""
488,"리가오교회","필리핀","Ligao Church bldg, sitio gamot, purok 7, bagumbayan, ligao city, albay","송홍근 담임목사",1,""
460,"리마교회","페루","Santiago Távara 1480, Cercado de Lima. Lima. Peru","김병현 담임목사",2,""
702,"리베리아교회","코스타리카","600M oeste de Kolbi Ice, a mano izquierda la casa con tapia de piedra, Liberia, Guanacaste","김경희 담임목사",1,""
725,"리오밤바교회","에콰도르","IGLESIA DE RIOBAMBA en el barrio Rosaspamba y frente al hosteria Rosa de holanda, Riobamba, Ecuador.","",0,""
536,"마닐라시티교회","필리핀","2nd Flr. Orient Pearl Bldg., Recto Ave. Cor. Morayta, Recto, Manila","",0,""
133,"마닐라중앙교회","필리핀","Lot 2 Blk 2 Filipinas ave. UPS 5 Subdivision San Isidro Paranaque city Metro Manila","박흥순 담임목사",1,"https://file1.jbch.org/guide/133/133_2017122011025584751_hspark39.jpg"
138,"마드리드교회","스페인","PASEO PERALES 28, MADRID, SPAIN","문성만 담임목사",2,""
550,"마드리드동부교회","스페인","Calle longares numero 1  28022 España  Madrid ","유용 담임목사",1,""
712,"마릴라오교회","필리핀","","",0,""
722,"마카오교회","힇","澳門 柏林街 102號 翆豐閣 7樓 V座 ","",0,""
992,"만들레이교회","미얀마","No 13,BaBa 3 U Paing Street Mya Yee Nandar Wards, Chan Mya Thar See Township","정동수 전도사",1,""
678,"말라가교회","스페인","C. Peso de la Harina, 21, Distrito Centro, Málaga, España","",0,"https://file1.jbch.org/guide/678/678_2024090219085841218_mdyu700.jpeg"
626,"말라시키교회","필리핀","","김정락 담임목사",1,""
462,"말롤로스교회","필리핀","","박종원 담임목사",1,""
971,"머라먀인준교회","미얀마","Tha Khut Kone Village, Mawlamyinegyun Township၊Ayawaddy ","",0,""
627,"메리다교회","멕시코","","최철호 담임목사",1,""
980,"메리다교회","스페인","Avda. del rey Don Juan carlos 1 n 13, Merida","",0,""
397,"멕시코시티교회","멕시코","","이찬우 담임목사",1,""
535,"멘도사교회","멕시코","Av. Hidalgo # 1402 Altos. cd.Mendoza, Ver","",0,""
692,"멜버른교회","호주","6 Rye Court, Glen Waverley, VIC 3150","",0,""
216,"모스크바교회","러시아","109263 MOSCOW, ul.ARTUHINOI 25, korp 3.","이돈철 담임목사",1,""
694,"몬테레이교회","멕시코","Durango 535, Nuevo Apodaca, 66605 Cdad. Apodaca, N.L.","이창덕 담임목사",1,""
311,"몬트리올교회","캐나다","7611 Rue Centrale, LaSalle, QC H8P 1L1","최승돈 담임목사",1,""
278,"무르시아교회","스페인","c/ Huerto Alix, 7 bajo 30012. Santiago el Mayor.  MURCIA ","원덕홍 담임목사",1,""
554,"미나띠틀란교회","멕시코","Pino Suarez 6A BuenaVista Norte,Minatitlán,Veracruz","",0,""
107,"미시간교회","미국","33300 Dequindre Rd  Sterling Heights. MI 48310","조정훈 담임목사",1,"https://file1.jbch.org/guide/107/107_2025103101283760146_bohyun0641.jpg"
704,"미양곤교회","미얀마","No.17, Aung Theik Hti Street, Mayangone Township, Yangon.","최봉학 담임목사",1,"https://file1.jbch.org/guide/704/704_2020081218242069181_bbbbb20000.jpg"
434,"미주 켄터키 수양관교회","미국","1508 Indian Creek Road, Hillsboro, KY41049","",0,""
157,"밀라노교회","이탈리아","Via IV Novembre 57, 20021 Bollate (Mi)","권건남 담임목사",1,"https://file1.jbch.org/guide/157/157_2024030601203085550_syoungnim.jpg"
723,"바공실랑교회","필리핀","","",0,""
605,"바그널교회","몽골","5- хорооны зүүн тал Есөн эрдэнэ дэлгүүрийн 2 давхарт","최동중 담임목사",1,""
1115,"바기오교회","필리핀","PLWM Baguio church, Long Long Feder Rd, Baguio, Benguet","김순우 담임목사",1,"https://file1.jbch.org/guide/1115/1115_2025063010415147858_kimsoonwoo.jpg"
474,"바니교회","필리핀","Arwas Bani municipal Pangasinan Philippines","",0,""
480,"바롱하라교회","몽골","Baruunkharaa church, 2th bugh, bayangol sum, selenge province, mongolia","",0,""
569,"바르셀로나교회","스페인","Carrer Bonsoms, 6","기대한 담임목사",1,"https://file1.jbch.org/guide/569/569_2021121020325016229_kidaehanb.jpg"
690,"바바오요교회","에콰도르","","",0,""
551,"바양홍거교회","몽골","MONGOLIA BAYARKHANGOR AIMAG BAYANKHONGOR SUM DUURSAKH 3-R BAG HORSHOOLOGCHDIIN HOLBOONII BAIR 205","이양호 담임목사",1,""
964,"바콜로드교회","필리핀","Lot 1, Block 14, Dona Juliana Subdivision. Bacolod City, Negros Orriental, Philippines","최재경 담임목사",1,""
771,"바탐방교회","캄보디아","Street 211, Battambang Province","",0,""
770,"바탐방북부교회","캄보디아","Thma Koul, Battambang Province","",0,""
800,"바티민체교회","캄보디아","","",0,""
407,"발렌시아교회","스페인","","공승현 전도사",1,""
670,"방콕교회","태국","640 Sukhumvit 105 Rd, Bang Na Tai, Bang Na, Bangkok 10260, Thailand ","김승제 담임목사",1,"https://file1.jbch.org/guide/670/670_2019072818363107831_geni2.jpg"
130,"밴쿠버교회","캐나다","4010 Victoria Dr, Vancouver, BC","채형운 담임목사",1,""
468,"뱅갈루루교회","인도","No. 108, Ramdev Garden, Near Govt School Henur Main Road, St. Thomas Town Post Bangalore, India 560084","",0,""
446,"베라크루즈교회","멕시코","","김민성 담임목사",1,""
254,"베레스교회","힇","","",0,""
996,"베를린교회","독일","Wernigeroder Str. 24, 10589 Berlin","배경운 담임목사",1,"https://file1.jbch.org/guide/996/996_2025031615423327414_davidbae.jpg"
562,"보고타교회","콜롬비아","Calle 8A 72C 15 barrio Castilla Bogotá , Colombia","김동준 담임목사",1,"https://file1.jbch.org/guide/562/562_2023032503315500779_kdjun.jpeg"
255,"볼강교회","몽골","","",0,""
400,"부에노스아이레스교회","아르헨티나","calle bransen #213, esquina mansilla, ituzaingo norte, buenos aires","김봉철 담임목사",2,""
651,"부토왈교회","네팔","","",0,""
437,"브라질리아교회","브라질","Ch 123 Lote 27 S.H.S. Taguatinga Brasilia-DF BRASIL","박병철 담임목사",1,"https://file1.jbch.org/guide/437/437_2021061000142761255_tjdyfd6069.png"
299,"브리즈번교회","호주","31 Gloucester Street, Acacia Ridge, QLD 4110","",0,""
260,"비쉬켁교회","키르기스스탄","Республика Кыргызстан г.Бишкек переулок Уссурийский дом 35","남길현 담임목사",1,""
973,"비스트리차교회","루마니아","Strada Calea Moldovei 5E, Bistrița, 420096, Romania","",0,""
714,"빅토리아교회","멕시코","","",0,""
739,"빌라헤르모사교회","멕시코","","",0,""
441,"빠추카교회","멕시코","","심해영 담임목사",1,"https://file1.jbch.org/guide/441/441_2019062922074255763_kdh.jpg"
463,"빠항교회","에콰도르","Barrio La Mersed Paján Manabí, Ecuador","",0,""
668,"빤따나교회","미얀마","Kan Nar Road, near Pan Ta Naw Bridge, Pan Ta Naw City.","",0,""
977,"빤따나동부교회","미얀마","Yin Dike Gone village , Pantanaw Township ,Ayawaddy","",0,""
453,"뻬로떼교회","멕시코","EMILIANO ZAPATA N 20 CP. 91272 PEROTE VERACURZ, MEXICO.","",0,""
512,"뿌에블라교회","멕시코","Valle de Las Animas 4, Fracc. Lomas del Valle, Puebla, Pue, Mexico 72595","",0,""
697,"뿌요교회","에콰도르","","",0,""
503,"사군교회","멕시코","mexico hidalgo pza garibaldi 9 independencia tepeapulco cp43994","",0,""
734,"사라삐끼교회","코스타리카","","심원길 담임목사",1,""
619,"산라몬교회","코스타리카"," Urbanización Las Lomas, Piedades Norte, San Ramón, Alajuela, Costa Rica","",0,""
608,"산안드레스교회","멕시코","justo sierra. barrio campeche. sanandres tuxtla. veracruz. cp 95720","",0,""
711,"산타로사교회","필리핀","","",0,""
837,"산타마리아교회","필리핀","","",0,"https://file1.jbch.org/guide/837/837_2025010210232984383_tkaehd.jpg"
775,"산타막달레나교회","필리핀","Brgy San Sebastian, Santa Magdalena city, Sorsogon, Phlippine","",0,""
543,"산타크루스교회","볼리비아","No17. calle Juan Peñarieta, Av. centenario, 4to anillo.(Parada de línea 27)","강창욱 담임목사",1,"https://file1.jbch.org/guide/543/543_2021020123342081007_msi1000.jpg"
989,"산타테레시타교회","필리핀","sitio Alimoto, baranggay Santa Teresita","",0,""
572,"산토도밍고교회","에콰도르","Calle Canadá(Atrás del Sindicato de Choferes Profesionales) y Av. Monseñor Schumacher, Santo Domingo, Ecuador","",0,""
655,"산티아고교회","칠레","Lucerna 0149, la cisterna, Santiago","",0,"https://file1.jbch.org/guide/655/655_2018121004481832624_nasilinn.jpeg"
713,"산파블로교회","멕시코","","박대석 담임목사",3,""
472,"산호세교회","코스타리카","San José, Florentino Castro, Costa Rica","류동화 담임목사",1,""
540,"산호세델몬테교회","필리핀","UC-3, AREA G, BRGY. CITRUS, CSJDM, BULACAN","",0,""
238,"살몬교회","힇","中国天津","",0,""
452,"상트페테르부르크교회","러시아","Russia St.Petersburg pl.Konstitutsyi 1-2/A, 14H","세르게이 담임목사",1,""
534,"상파울로교회","브라질","R. Mateus Lourenço de Carvalho, 77 - Vila Buenos Aires, São Paulo - SP","유재성 담임목사",1,"https://file1.jbch.org/guide/534/534_2021120906493055260_ujs3321.jpg"
757,"샌나르시소교회","필리핀","","",0,""
745,"샌샨드교회","몽골","","",0,""
167,"샌안토니오교회","미국","14510 Judson Rd. San Antonio TX 78233","구본효 담임목사",1,""
170,"샌프란시스코교회","미국","5034 Blum Rd, Martinez, CA 94553","문동찬 담임목사",1,"https://file1.jbch.org/guide/170/170_2025070815240124447_stardom830.png"
424,"샤링걸교회","몽골","Mongolia Darkhan-uul Aimag Sharingol Sum Darkhan Bag 15-95","",0,""
502,"세고비아교회","스페인","A/Marques de Lozoya, 11 , Segovia, España","박준영 담임목사",1,""
570,"세부교회","필리핀","Cebu Church (In front of Villa Asela A Garden Resort / 빌라 아셀라 가든 리조트 바로 정문 앞), Purok-1(Purok Nangka), Brgy. Bangbang, Cordova, Cebu","박재성 담임목사",1,""
209,"센다이교회","일본","982-0803 宮城県仙台市太白区金剛沢1丁目6-48","구현영 담임목사",1,"https://file1.jbch.org/guide/209/209_2019111214284386976_gkstha95.jpg"
258,"셀렝게교회","몽골","mongolia selenge aimag suhkbaatar sum","조승범 담임목사",1,"https://file1.jbch.org/guide/258/258_2023051623164307443_xongoroo2024.jpg"
993,"소로카바교회","브라질","Jardim Vera Cruz, Sorocaba - SP, BRAZIL","",0,""
123,"솔로몬교회","힇","","",0,""
316,"수빅교회","필리핀","Lopez Jaena st, Purok2, barangay NewCabalan Onlongapo City Zambales","",0,""
777,"수자누교회","브라질","Rua quinze de novembro 86, Centro, Suzano – SP, BRAZIL","",0,""
556,"수흐바타르교회","몽골","Sukhbaatar aimag baruun urt sum 7-r bag [Сүхбаатар аймаг Баруун урт сум 7-р баг /Хуучнаар ахмадын сувилал]","",0,""
766,"술탄쿠다랏교회","필리핀","Barangay Sarinang Sultan Kudarat","",0,""
669,"쉐비다교회","미얀마","No. 29- 132 Pan Chan (1) Street, Ngwe Thar Gi Road","이정훈 전도사",1,"https://file1.jbch.org/guide/669/669_2017071617143350573_cje0318.jpg"
100,"시드니교회","호주","교회당: 9 Kitchener Lane, Cherrybrook, NSW 2126","김환호 담임목사",1,"https://file1.jbch.org/guide/100/100_2023122921424889848_kimhwanho.jpg"
171,"시애틀교회","미국","20112 SE 152nd Street, Renton, WA 98059","박철웅 담임목사",1,""
802,"시엠립교회","캄보디아","","이태종 담임목사",1,""
102,"시카고교회","미국","575 Rush St, Roselle, IL 60172","우성준 담임목사",1,"https://file1.jbch.org/guide/102/102_2024040213375269076_daniel77.jpg"
156,"싱가폴교회","싱가폴","62 Ubi Road 1, #11-12 Oxley Bizhub2, Singapore 408734","지영준 담임목사",1,"https://file1.jbch.org/guide/156/156_2018100919321184156_jyjyj.jpg"
531,"씨잇교회","필리핀","SIIT CHURCH B/D, ANTULAY, BRGY SIIT, SIATON, NEGROS ORIENTAL. PHILIPPINES.","",0,"https://file1.jbch.org/guide/531/531_2017072414341891436_arttech.jpg"
710,"아레키파교회","페루","","윤홍조 담임목사",1,""
491,"아르항가이교회","몽골","Mongolia Arhangai aimag erdene bulgan sum Arhangai Baptist Church","",0,""
241,"아미나답교회","힇","","",0,""
120,"아사교회","힇","","",0,""
799,"아카풀코교회","멕시코","","",0,""
103,"아틀란타교회","미국","4928 Spout Springs Rd. Buford GA 30519","권종안 담임목사",2,"https://file1.jbch.org/guide/103/103_2026022412505931297_ycs388.jpg"
3,"아하스교회","힇","","",0,""
547,"안토파가스타교회","칠레","Antonio Poupin 1033, Antofagasta, Antofagasta, Chile","강광권 담임목사",2,""
538,"알또교회","볼리비아","calle choquna entre Av. Julio cesar valdez № 2105 zona cosmos 3. EL ALTO","",0,""
250,"알메리아교회","스페인","CARRETERA NACIONAL 340, 04230 HUERCAL DE ALMERIA, ALMERIA","김준영 담임목사",1,""
429,"알타이교회","몽골","","",0,""
586,"앙갓교회","필리핀","815 Malalahanin St. Phase 3 Masagana Homes Tabang Guiguinto Bulacan","",0,""
687,"앙헬레스교회","필리핀","91-U 4-A San Vicente Street, Brgy. Tabun angeles City, Pampanga.","이지철 담임목사",1,""
177,"애쉬빌교회","미국","2479 Howard Gap Rd. Hendersonville, NC 28792","",0,""
259,"야곱교회","힇","","",0,""
275,"야마가타교회","일본","日本山形県天童市中里7丁目5-17","아라키 쥰 담임전도사",1,"https://file1.jbch.org/guide/275/275_2017103020290780197_yoochungyul.jpg"
442,"야우떼뻭교회","멕시코","","",0,""
286,"양곤교회","미얀마","No (54/1206), U Pho Tun Str, Bokone, Taung Thu Gone Road, Insein, Yangon, Myanmar","최영준 담임목사",2,""
634,"에까떼뻭교회","멕시코","Av. Mathzi 1 Módulo 8 Lote 34 Colonia Guadalupe Victoria CP 55010 Ecatepec de Morelos, México","",0,""
251,"에르뜨네트교회","몽골","","이황구 담임목사",1,""
716,"에르모시요교회","멕시코","","",0,""
607,"에스까르세가교회","멕시코","Calle 39 Jesús García C.P. 24350 Escárcega, Campeche, Mexico","안덕근 담임목사",1,""
402,"에스메랄다스교회","에콰도르","La Localización Homero Lopez saud. Mz.51#2, Canton Atacame, Esmeraldas, Ecuador","",0,""
628,"오루로교회","볼리비아","C/ Caro N.851 entre calle Presidente Montes y Washington, Oruro, Bolivia","",0,""
398,"오리사바교회","멕시코","Oriente 19 entre norte 2 y 4 num. 185 Orizaba Veracruz, Mexico","",0,""
176,"오벳교회","힇","","",0,""
144,"오사카교회","일본","〒660-0892 兵庫県尼崎市東難波町５丁目３０−８ 日本キリスト教バプテスト会大阪教会","이진욱 담임목사",1,"https://file1.jbch.org/guide/144/144_2017090721135972216_dennis89.jpg"
505,"오사카중부교회","일본"," 大阪府大阪市天王寺区小橋町12-2、ホワイトレジデンス2F","이승현 담임목사",1,""
571,"오하까교회","멕시코","privada de sierra maestra #100 col. lomas del creston oaxaca.oaxaca.","김규중 담임목사",1,"https://file1.jbch.org/guide/571/571_2023090823341478408_kkj88.jpeg"
1090,"올랜도교회","미국","2678 Bobcat Chase Blvd, Oakland","오동준 담임목사",1,""
294,"올티가스교회","필리핀","Unit 506 AIC Burgundy Empire Tower. ADB Ave Corner, Saphire & Garnet Road. Ortigas Center Pasig City Metro Manila Philippines","최원영 담임목사",1,""
504,"요네자와교회","일본","〒992-0005 日本山形県米沢市窪田町藤泉619番地","류충렬 담임목사",1,""
4,"요담교회","힇","","",0,""
116,"요람교회","힇","","",0,""
703,"우문고비교회","몽골","Omnogovi aimag Dalanzadgad sum 8-r bag nanzad 0-a toot","",0,"https://file1.jbch.org/guide/703/703_2018110921350821022_kuwonja.jpg"
313,"울란바토르동부교회","몽골","MONGOLIA ULAANBAATAR bayan zurkh disrict 5-r horoo B.Dorj street 143.","정명교 담임목사",1,""
696,"울란바토르서부교회","몽골","","장지훈 담임목사",1,""
1059,"울란바토르야르막교회","몽골","Khan-Uul district of Ulaanbaatar, Khan plaza 3rd floor of Nisekh orbit","김진완 담임목사",1,"https://file1.jbch.org/guide/1059/1059_2024011711303555454_suengbum.jpg"
206,"울란바토르중앙교회","몽골","MONGOLIA ULAANBAATAR SONGINO KHAIRKHAN DISTRICT 29-R HOROO(ENKHTAIVAN) STREET-133","유혜웅 담임목사",3,""
1060,"울란바토르할허링교회","몽골","Songinokhairkhan 29 district of Ulaanbaatar 18070 peace avenue 133","이근종 담임목사",1,"https://file1.jbch.org/guide/1060/1060_2025022715181839837_Tuya1013.jpg"
705,"울항가이교회","몽골","Uvurkhangai aimag Arvaiheer sum 5~r horoo Molor boonii tov 4 davhart.","",0,""
273,"웁스교회","몽골","mongolia, Uvs aimag, Ulaangom sum, 3-r bag 2-r 48 bair 1-r orts 4 dawhar 10 toot ","빌궁 담임전도사",1,"https://file1.jbch.org/guide/273/273_2019110723115596048_benlee93.jpg"
5,"웃시야교회","힇","","",0,""
104,"워싱턴교회","미국","Washington Baptist Church(Life Word Mission), 5144 Massachusetts Ave., Bethesda, MD 20816 ","이혜찬 담임목사",2,"https://file1.jbch.org/guide/104/104_2017080605342219670_reston1004.jpg"
256,"유다교회","힇"," ","",0,""
732,"이까교회","페루","","",0,""
677,"이끼께교회","칠레","","서보성 담임목사",1,""
846,"이무스교회","필리핀","ANABU 2-B, IMUS , CAVITE","",0,""
265,"이삭교회","힇","山东省滨州市","",0,""
173,"이새교회","힇","","",0,""
476,"이스탄불교회","튀르키예","Gayrettepe Mahallesi Yıldız Posta Caddesi no 6 iç Kapı 3","",0,""
621,"이쓰깔리교회","멕시코","Bosque de Ébano 15, Bosques de Hacienda, 54768 Cuautitlán Izcalli, Méx.","",0,""
642,"이타하리교회","네팔","4-pandare, Itahari, sunsari, nepal.","",0,""
791,"일라간교회","필리핀","Purok 5 Bliss Village Ilagan ,Isabela","",0,""
652,"일로일로교회","필리핀","Brgy Bansag (beside of house of Brgy Captain), Lambunao, Iloilo.","김대일 담임목사",1,""
318,"임팔교회","인도","Faith Home, Paite Veng, Kwakeithel, Imphal West-795001 Opp. Lee Faith School, Manipur","",0,""
271,"준하라교회","몽골","Zuunkharaa church, 6th bugh, Mandal sum(Zuunkharaa),   Selenge province, Mongolia","정희원 담임목사",1,""
666,"짜웅공교회","미얀마","No. 2 Qt, Kyone Pyaw street, Kyoung Kone.","",0,""
663,"쫑표교회","미얀마","Kalar Gone village, Atoung , Kyone Pyaw.","",0,""
747,"차강노르교회","몽골","","",0,""
748,"처여르교회","몽골","","",0,""
274,"초이발산교회","몽골","몽골 더르너드 초이발산 헤를렝 솜 10구역","노재홍 담임목사",1,""
760,"치뜨완교회","네팔","","",0,""
530,"치말루아깐교회","멕시코","calle zapotl, esquina amilot, manzana 6, lotes 18 y 19, colonia barrio canasteros, c.p.56634, Chimalhuacan , Estado de Mexico","",0,""
751,"치앙마이교회","태국","597 Moo3 Ban Choeng Doi Tambon. Cheong Doi Subdistrict. Doi Saket District. Chiang Mai Province. 50220","이종성 담임목사",1,""
720,"치와와교회","멕시코","","서준형 담임목사",1,""
497,"침보떼교회","페루","Av.Pardo 2609(Victor Raúl Haya de la Torre2609, Chimbote, Ancash, Perú","이상완 담임목사",1,""
997,"카스테욘교회","스페인","Carrer Castelldefels, 16, 12004 Castelló de la Plana, Castelló","이철승 담임목사",1,""
520,"카스틸레오스교회","필리핀","W6G4+87 Castillejos, 잠발레스 필리핀","박동환 담임목사",1,"https://file1.jbch.org/guide/520/520_2024040110534482505_lgs7738.jpg"
461,"카트만두교회","네팔","Thecho VDC Ward no.9, Bethigel Lalitpur,Kathmandu, GPO.8975, EPC 1309","배석도 담임목사",1,""
1075,"칼라샤카쿠교회","파키스탄","","",0,""
726,"캔버라교회","호주","40 Mcglashan Street Taylor ACT 2913","오도상 담임목사",1,"https://file1.jbch.org/guide/726/726_2024011919164662621_ods.jpg"
539,"캘거리교회","캐나다","8516 Athabasca St SE","최영규 담임목사",1,"https://file1.jbch.org/guide/539/539_2026010110093941706_ecclesia86.jpg"
614,"코르도바교회","멕시코","Circuito del Molino LT.24 Manzana 5  Fraccionamiento Finca Real Cordoba,Ver CP 94510","",0,""
709,"코피아포교회","칠레","Juan serapio lois 866, Copiapó, Atacama, Chile","전진우 담임목사",1,"https://file1.jbch.org/guide/709/709_2019062702035999431_nasilinn.jpg"
1108,"콘셉시온교회","파라과이","","최태균 담임목사",1,""
140,"콜로라도교회","미국","1919 N Union BLVD Colorado Springs, CO. 80909","김상원 담임목사",1,"https://file1.jbch.org/guide/140/140_2019042500251110121_sojinpark.jpg"
911,"콜롬보교회","스리랑카","No. 22/A mendis avenue, Moratuwa 10400 Sri Lanka","유도현 담임목사",1,"https://file1.jbch.org/guide/911/911_2025081923142381351_brave.jpg"
706,"쾰른교회","독일","Luxemburger Strasse 150B G-50937 Köln","Wang Kun 담임목사",1,"https://file1.jbch.org/guide/706/706_2023011204313328046_dlsrks1023.jpg"
693,"쿠스코교회","페루","FRACCION-1 WISPAMPA SAN SEBASTIAN - CUSCO","이주갑 담임목사",1,""
814,"쿠알라룸푸르교회","말레이시아","A-10-3, Wisma HB, Megan Avenue 2, No12, Jalan Yep Kwan Sang, Kuala Lumpur, 50450 Kuala Lumpur, Wilayah Persekutuan Kuala Lumpur ","조휘동 전도사",1,""
719,"쿠에르나바카교회","멕시코","","류성민 담임목사",1,""
717,"쿨리아칸교회","멕시코","","",0,""
285,"퀘존교회","필리핀","#5 Road22  Brgy Bahay Toro, Project 8. Quezon city Metro Manila Philippines","홍은석 담임목사",1,"https://file1.jbch.org/guide/285/285_2018020721015013917_isac68.jpg"
988,"퀘존동부교회","필리핀","26 Holy Family street, Payatas A Quezon City","",0,""
401,"키토교회","에콰도르","JAIME CHIRIBOGA QUITO, 170104, (MANUEL VALDIVIEZO Y JAIME CHIRIBOGA QUITO)","최문석 담임목사",1,"https://file1.jbch.org/guide/401/401_2021122514143432706_mschoi.jpg"
533,"키토수르교회","에콰도르","Nicolás de Rocha Quito, Ecuador","염현주 담임목사",1,"https://file1.jbch.org/guide/533/533_2025101911125706487_pyq7.jpg"
629,"타나우안교회","필리핀","0819 Millarez Compound, Brgy. Tinurik Tanauan City","최기태 담임목사",1,""
768,"탄다빈교회","미얀마","Date Kone Quarter, Htantabin Township, Yangon","",0,""
736,"탄자교회","필리핀","BRGY. AMAYA-1, TANZA CAVITE.","",0,""
555,"태초교회","네팔","","",0,""
796,"테픽교회","멕시코","","",0,""
718,"토레온교회","멕시코","","",0,""
129,"토론토교회","캐나다","72 Crestwood Rd, Thornhill, ON L4J 1A5","장영춘 담임목사",1,"https://file1.jbch.org/guide/129/129_2023020114081841614_jangtoki.jpg"
496,"톨루카교회","멕시코","Ignacio Lopez Rayon #127, San Pablo Autopan, Toluca, Estado de Mexico","윤광순 담임목사",1,""
625,"트루히요교회","페루","","김항녕 담임목사",1,""
792,"트리니다드교회","볼리비아","Cuarta entrada Paititi lado DIPROVE Pasaje Baraje N° 10","",0,""
910,"티후아나교회","멕시코","C. Principal No. 24906, Florido III Plaza Santa fe, local 109, C.P 22237 Tijuana B.C","이동우 담임목사",1,""
691,"파나마시티교회","파나마","","강범구 담임목사",1,""
101,"파리교회","프랑스","1 voie Félix Eboué, 94000 Créteil (5ème étage, 502 centre affaires)","이세웅 담임목사",1,""
559,"팔라완교회","필리핀","B2 L5 Kamalay Subd., San Jose, Puerto Princesa, Palawan","김종섭 담임목사",1,""
848,"팔라완로하스교회","필리핀","Bgy. Pag asa Retac, Roxas Palawan.","",0,""
849,"팔라완퀘존교회","필리핀","Sitio Buyata, Bocuan Residence  Tabon Quezon Palawan","",0,""
742,"포카라교회","네팔","6X3X+W67, Pokhara 33700","",0,""
685,"폰페라다교회","스페인","Avenida Huertas del Sacramento 5 Bajo PONFERRADA-LEÓN.","이진욱 전도사",1,"https://file1.jbch.org/guide/685/685_2018012506122325213_waryong76.jpg"
485,"프놈펜교회","캄보디아","# Street 01, Betong 12101 Orange International School សាលា អន្តរជាតិ អរ៉េង (공항에서 차로 10분거리)","정권창 담임목사",1,""
731,"프랑코교회","파라과이","Franco","신일선 담임목사",1,""
284,"프랑크푸르트교회","독일","zimmersmühlenweg 44, 61440 Oberursel (Taunus)","임정수 담임목사",1,"https://file1.jbch.org/guide/284/284_2025010419093215509_ckd82.jpg"
1004,"플로레스교회","아르헨티나"," José Bonifacio 2495, Flores capital, Buenos Aires","양현수 담임목사",1,""
325,"필리교회","필리핀","Zone 5, San Isidro,  Pili, Camarines Sur 4418, Philippines","",0,""
972,"핏사눌록교회","태국","106/1 Moo 4, 1281 Plak Raet Road, Bang Rakam District, Phitsanulok 65140","이경준 담임목사",1,""
396,"하와이교회","미국","1449 N KING ST HONOLULU HI 96817","이지은 담임목사",1,"https://file1.jbch.org/guide/396/396_2026012915572272814_leeguide.jpg"
798,"할라파교회","멕시코","P.º de las Palmas 51, Jardines de las Animas, 91190 Xalapa-Enríquez, Ver., 멕시코","",0,""
253,"헤스론교회","힇","중국 단동","",0,""
315,"헨티교회","몽골","Hentii aimag Herlen sum 3-r bag Teewerchidiin1-13","박재율 담임목사",1,""
749,"호탁운두르교회","몽골","","",0,""
261,"홉드교회","몽골","","차기범 담임목사",1,""
268,"홉스골교회","몽골","huvsgul aimag murun sum 9-14-1","윤승원 담임목사",1,""
217,"홍콩교회","홍콩","[중문] 九龍紅磡2G鶴園街恆豐工業大廈2期3樓B2室 / [영문] B2, 3/F, Hang Fung Industrial Building, 2G Hok Yuen Street, Hung Hom, Kowloon, H.K.","송지성 담임목사",1,""
464,"후치딴교회","멕시코","Callejon de Los Leones SN Departamento 4 Juchitan de Zaragoza Oaxaca, C.P.70000","",0,""
495,"후쿠오카교회","일본","812-0873 福岡県福岡市博多区西春町3-7-13","",0,""
473,"후틀교회","몽골","Hutul church, Hutul hot(Saihan sum), Selenge aimag, Mongolia","이왕열 담임목사",1,"https://file1.jbch.org/guide/473/473_2017090913593388113_han31.jpg"
235,"휴스턴교회","미국","4075 Hollister Rd, Hoston, TX 77080","고봉산 담임목사",1,""